Alan Valejo,UFSCar,CS
Alberto Schaeffer Filho,UFRGS,CS
Aldo von Wangenhein,UFSC,ROBOTICS
Aldri dos Santos,UFMG,CS
Aleteia de Araujo,UnB,CS
Alex Vieira,UFJF,ROBOTICS
Alexandre Falcao,UNICAMP,CS
Alexandro Baldassin,UNESP,CS
Alneu de Andrade Lopes,ICMC/USP,CS
Aluizio Araujo,UFPE,ROBOTICS
Ana Carolina Lorena,UNIFESP,CS
Anderson Maciel,UFRGS,CS
Andre Drummond,UnB,CS
Andre Schneider de Oliveira,UTFPR,ROBOTICS
Angelo Brayner,UFC,CS
Antonio Alfredo Ferreira Loureiro,UFMG,CS
Armando Alves Neto,UFMG,ROBOTICS
Artur Ziviani,LNCC,CS
Bernardo Pereira Nunes,PUC-Rio,CS
Bianchi Meiguins,UFPA,CS
Breno Miranda,UFPE,CS
Carla Freitas,UFRGS,CS
Carlos Maziero,UFPR,CS
Cesar Comin,UFSCar,CS
Claudio Geyer,UFRGS,CS
Claudio Jung,UFRGS,CS
Cristiano Costa,Unisinos,CS
Dalvan Griebler,PUC-RS,CS
Daniel Fernando Tello Gamarra,UFSM,ROBOTICS
Danilo Hernani Perico,FEI,ROBOTICS
Dante Augusto Couto Barone,UFRGS,CS
David Oliveira Santos,UFCG,ROBOTICS
Debora Muchaluat Saade,UFF,CS
Denis Fernando Wolf,ICMC/USP,ROBOTICS
Diego Amancio,ICMC/USP,CS
Diego Nunes Bertolani,IFES,ROBOTICS
Djamel Sadok,UFPE,ROBOTICS
Douglas Guimaraes Macharet,UFMG,ROBOTICS
Edison Pignaton de Freitas,UFRGS,ROBOTICS
Edmundo Madeira,UNICAMP,CS
Edson Emilio Scalabrin,PUCPR,CS
Edson Matsubara,UFMS,CS
Edson Prestes e Silva,UFRGS,ROBOTICS
Eduardo Feitosa,UFAM,CS
Eduardo Todt,UFPR,ROBOTICS
Eduardo Viegas,PUCPR,ROBOTICS
Elias José de Rezende Freitas,IFMG,ROBOTICS
Elisa Yumi Nakagawa,ICMC/USP,CS
Emerson Paraiso,PUCPR,CS
Erickson Rangel do Nascimento,UFMG,ROBOTICS
Esther Luna Colombini,UNICAMP,ROBOTICS
Fabiane Barreto Vavassori Beniti,UFSC,CS
Fabio Cappabianco,UNIFESP,CS
Fabricio Benevenuto,UFMG,CS
Fatima Nunes,EACH/USP,CS
Felipe Franca,COPPE/UFRJ,ROBOTICS
Felipe Gomes de Oliveira,UFAM,ROBOTICS
Filipe Augusto Santos Rocha,UFSJ,ROBOTICS
Flavia Delicato,DCC/UFRJ,CS
Frank Siqueira,UFSC,CS
Gabriel de Oliveira Ramos,Unisinos,ROBOTICS
Genaina Rodrigues,UnB,ROBOTICS
Geraldo Pereira Rocha Filho,UnB,CS
Guilherme Sousa Bastos,UNIFEI,ROBOTICS
Gustavo Batista,ICMC/USP,ROBOTICS
Gustavo Pessin,ITV,ROBOTICS
Haniel Barbosa,UFMG,CS
Hansenclever Bassani,UFPE,ROBOTICS
Hector Azpurua,UFMG,ROBOTICS
Helio Pedrini,UNICAMP,CS
Jean Paul Barddal,PUCPR,CS
Jo Ueyama,ICMC/USP,CS
Joao Fabro,UTFPR,ROBOTICS
Joao Paulo Papa,UNESP,CS
Jomi Hubner,UFSC,ROBOTICS
Jorge Luis Victoria Barbosa,Unisinos,ROBOTICS
Jose Maria Monteiro,UFC,CS
Judith Kelner,UFPE,ROBOTICS
Juliano Wickboldt,UFRGS,CS
Kalinka Castelo Branco,ICMC/USP,ROBOTICS
Kelen Vivaldini,UFSCar,ROBOTICS
Kleinner Farias,Unisinos,CS
Leandro Dias da Silva,UFAL,CS
Leonardo da Rocha,UFSJ,CS
Leonardo de Lellis Rossi,UNICAMP,ROBOTICS
Lina Garces,UNIFEI,CS
Luciana Porcher Nedel,UFRGS,CS
Lucineia Heloisa Thom,UFRGS,CS
Luiz Chaimowicz,UFMG,ROBOTICS
Luiz Fernando Bittencourt,UNICAMP,CS
Luiz Filipe Vieira,UFMG,CS
Luiz Gustavo Leao Fernandes,PUC-RS,CS
Luiz Marcos Goncalves,UFRN,ROBOTICS
Marcelo Fantinato,EACH/USP,CS
Marcelo Henrique Souza Bomfim,IFMG,ROBOTICS
Marcio Delamaro,ICMC/USP,CS
Marco Antonio Costa Simões,UNEB,ROBOTICS
Marco Antonio Moreira de Carvalho,UFOP,CS
Marco Antonio Simoes Teixeira,PUCPR,ROBOTICS
Marco Aurelio Wehrmeister,UTFPR,ROBOTICS
Marcos Andre Goncalves,UFMG,CS
Marcos Vieira,UFMG,ROBOTICS
Maria Cristina Ferreira Oliveira,ICMC/USP,CS
Maria Lucia Bento Villela,UFV,CS
Mariana Kolberg,UFRGS,ROBOTICS
Mario Antonio Ribeiro Dantas,UFJF,ROBOTICS
Mario Fernando Montenegro Campos,UFMG,ROBOTICS
Maristela Holanda,UnB,CS
Milena Faria Pinto,CEFET-RJ,ROBOTICS
Moises Ribeiro,UFES,ROBOTICS
Paulo Lilles Jorge Drews Junior,FURG,ROBOTICS
Rafael Kunst,Unisinos,ROBOTICS
Reinaldo Bianchi,FEI,ROBOTICS
Renan Maffei,UFRGS,ROBOTICS
Renato Assuncao,UFMG,ROBOTICS
Ricardo Prudencio,UFPE,CS
Rita Suzana Pitangueira Maciel,UFBA,CS
Roberto Cesar Junior,IME/USP,ROBOTICS
Roberto Inoue,UFSCar,ROBOTICS
Rodolfo Stoffel Antunes,Unisinos,CS
Rodrigo Barros,PUC-RS,CS
Rodrigo Mello,ICMC/USP,CS
Rodrigo Pereira dos Santos,UNIRIO,CS
Rodrigo Righi,Unisinos,CS
Rodrigo de Souza Couto,COPPE/UFRJ,CS
Rogério Sales Gonçalves,UFU,ROBOTICS
Roseli Francelin Romero,ICMC/USP,ROBOTICS
Sarah Pontes Madruga,UFPB,ROBOTICS
Silvia Costa Botelho,FURG,ROBOTICS
Silvio Guimaraes,PUC Minas,CS
Solange Rezende,ICMC/USP,CS
Teresa Ludermir,UFPE,ROBOTICS
Thales Vieira,UFAL,ROBOTICS
Thiago Pedro Donadon Homem,IFSP,ROBOTICS
Thiago da Silveira,UFRGS,CS
Tiago Ferreto,PUC-RS,CS
Tiago Pereira do Nascimento,UFPB,ROBOTICS
Vinicius Costa de Souza,Unisinos,CS
Vinicius Menezes de Oliveira,FURG,ROBOTICS
Zanoni Dias,UNICAMP,CS
