J. Intelligent & Robotic Syst.,57
ACM Comput. Surveys,56
IEEE RA-L,19
Robotics & Autonomous Syst.,11
Robotica,9
Comput. Stand. Interfaces,5
Int. J. of Intelligent Robotics and Applications,4
Autonomous Robots,3
Communications ACM,3
J. Field Robotics,3
Intelligent Service Robotics,2
IEEE Computer,1
IEEE Robotics & Automation Mag.,1
IEEE/CAA Journal of Automatica Sinica,1
Swarm Intelligence,1
Cognitive Robotics,0
IEEE Trans. Mechatronics,0
IEEE Trans. Robotics,0
Intern. J. of Robotics Research,0
International Journal of Mechatronics and Automation,0
Journal of Robotics and Mechatronics,0
Journal of the Brazilian Society of Mechanical Sciences and Engineering,0
Mechatronics,0
Robotics and Computer-Integrated Manufacturing,0
