UFMG,12.28
FURG,8.25
UFRGS,8.12
ICMC/USP,6.19
UFPE,5.33
UFPB,5.04
Unisinos,3.46
UFU,3.0
UFSCar,2.93
CEFET-RJ,2.8
UFRN,2.8
UNICAMP,2.8
UnB,2.4
ITV,2.26
PUCPR,2.19
UTFPR,1.86
PUC-RS,1.6
UFJF,1.6
UFSC,1.6
UNESP,1.6
EACH/USP,1.2
UFAM,1.2
UNIFEI,1.2
COPPE/UFRJ,0.8
FEI,0.8
IFMG,0.8
IFSP,0.8
UFAL,0.8
UFPR,0.8
UFSJ,0.8
UFSM,0.8
UNIFESP,0.8
DCC/UFRJ,0.4
IFES,0.4
LNCC,0.4
PUC Minas,0.4
PUC-Rio,0.4
UFBA,0.4
UFC,0.4
UFES,0.4
UFF,0.4
UFMS,0.4
UFOP,0.4
UFPA,0.4
UFV,0.4
UNEB,0.4
UNIRIO,0.4
IME/USP,0.33
UFCG,0.33
