2025,ACM Comput. Surveys,"Challenges and Opportunities in Mobile Network Security for Vertical Applications: A Survey.",UFAL,Alvaro Sobrinho; Matheus Vilarim; Amanda Barbosa; Edmar Candeia Gurjão; Danilo F. S. Santos; Dalton C. G. Valadares; Leandro Dias da Silva,https://doi.org/10.1145/3696446,null,J,no_arxiv,0
2025,ACM Comput. Surveys,"Early-Exit Deep Neural Network - A Comprehensive Survey.",COPPE/UFRJ,Haseena Rahmath P; Vishal Srivastava; Kuldeep Chaurasia; Roberto Gonçalves Pacheco; Rodrigo S. Couto 0001,https://doi.org/10.1145/3698767,null,J,no_arxiv,0
2025,ACM Comput. Surveys,"Facial Expression Analysis in Parkinsons's Disease Using Machine Learning: A Review.",UNESP,Guilherme C. Oliveira; Quoc Cuong Ngo; Leandro A. Passos; Danilo Samuel Jodas; João Paulo Papa; Dinesh Kant Kumar,https://doi.org/10.1145/3716818,null,J,no_arxiv,0
2025,ACM Comput. Surveys,"Fairness in Deep Learning: A Survey on Vision and Language Research.",PUC-RS,Otávio Parraga; Martin D. Móre; Christian Mattjie de Oliveira; Nathan S. Gavenski; Lucas S. Kupssinskü; Adilson Medronha; Luis Vinícius de Moura; Gabriel S. Simões; Rodrigo C. Barros,https://doi.org/10.1145/3637549,null,J,no_arxiv,0
2025,ACM Comput. Surveys,"Towards Robust Cyber Attack Taxonomies: A Survey with Requirements, Structures, and Assessment.",UnB,Paulo Roberto da Paz Ferraz Santos; Paulo Angelo Alves Resende; João José Costa Gondim; André Costa Drummond,https://doi.org/10.1145/3717606,null,J,no_arxiv,0
2025,ACM Comput. Surveys,"User-Centred Privacy and Data Protection: An Overview of Current Research Trends and Challenges for the Human-Computer Interaction Field.",UFSC,Shirlei Aparecida de Chaves; Fabiane Barreto Vavassori Benitti,https://doi.org/10.1145/3715903,null,J,no_arxiv,0
2025,Comput. Stand. Interfaces,"GSParLib: A multi-level programming interface unifying OpenCL and CUDA for expressing stream and data parallelism.",PUC-RS,Dinei A. Rockenbach; Gabriell Alves de Araujo; Dalvan Griebler; Luiz Gustavo Fernandes,https://doi.org/10.1016/j.csi.2024.103922,null,J,no_arxiv,0
2025,Comput. Stand. Interfaces,"TASIS: A typology of architectural strategies for interoperability in software-intensive systems.",ICMC/USP; UNIFEI,Pedro Henrique Dias Valle; Vítor Rodrigues Tonon; Lina Garcés; Solange Oliveira Rezende; Elisa Yumi Nakagawa,https://doi.org/10.1016/j.csi.2024.103874,null,J,no_arxiv,0
2025,IEEE RA-L,"CurviTrack: Curvilinear Trajectory Tracking for High-Speed Chase of a USV.",UFPB,Parakh M. Gupta; Ondrej Procházka; Tiago P. Nascimento; Martin Saska,https://doi.org/10.1109/LRA.2025.3546079,null,J,no_arxiv,0
2025,IEEE RA-L,"Multi Map Visual Localization for Unmanned Aerial Vehicles.",UFRGS,Tobias Lømo; Jim Torresen; Mariana Kolberg; Renan Maffei,https://doi.org/10.1109/LRA.2024.3518071,null,J,no_arxiv,0
2025,J. Intelligent & Robotic Syst.,"Collaborative Inspection of Solar Panel Farms Using YOLOv5-Based Computer Vision and UGV-UAV Integration.",CEFET-RJ,Johann S. J. C. C. Amorim; Accacio F. S. Neto; Rafael S. Chaves; Alessandro R. L. Zachi; Josiel A. Gouvea; Fabio Augusto de Alcantara Andrade; Milena F. Pinto,https://doi.org/10.1007/s10846-025-02265-w,null,J,no_arxiv,0
2025,J. Intelligent & Robotic Syst.,"Image-based Mapless Navigation of a Hybrid Aerial-Underwater Vehicle using Prioritized Deep Reinforcement Learning.",FURG,Junior Costa de Jesus; Victor Augusto Kich; Alisson Henrique Kolling; Ricardo Bedin Grando; Rodrigo da Silva Guerra; Paulo Lilles Jorge Drews Junior,https://doi.org/10.1007/s10846-024-02206-z,null,J,no_arxiv,0
2025,J. Intelligent & Robotic Syst.,"Monocular Depth Estimation Applied to Global Localization Over 2D Floor Plans Using Free Space Density.",UFRGS,Cristian Lopes; Renan Maffei; Mariana Kolberg,https://doi.org/10.1007/s10846-024-02131-1,null,J,no_arxiv,0
2025,J. Intelligent & Robotic Syst.,"Underwater Robots Localization using Multi Domain Images: A Survey.",FURG,Matheus Machado dos Santos; Guilherme C. Oliveira; Paulo Jefferson Dias de Oliveira Evald; Paulo Lilles Drews Jr.; Silvia Silva da Costa Botelho,https://doi.org/10.1007/s10846-025-02231-6,null,J,no_arxiv,0
2025,Robotics & Autonomous Syst.,"An expedited BDI agent architecture: Improving the responsiveness of agent-based autonomous systems for handling critical situations.",UFSC,Leandro Buss Becker; Iago de Oliveira Silvestre; Jomi Fred Hübner; Michael Fisher 0001,https://doi.org/10.1016/j.robot.2025.104917,null,J,no_arxiv,0
2024,ACM Comput. Surveys,"A Comprehensive Review and New Taxonomy on Superpixel Segmentation.",UNICAMP; PUC Minas,Isabela Borlido Barcelos; Felipe de Castro Belém; Leonardo de Melo Joao; Zenilton Kleber G. do Patrocínio Jr.; Alexandre Xavier Falcão; Silvio Jamil Ferzoli Guimarães,https://doi.org/10.1145/3652509,null,J,http://arxiv.org/abs/2409.19179v1,0
2024,ACM Comput. Surveys,"A Survey on Collaborative Learning for Intelligent Autonomous Systems.",UFRGS; Unisinos; UNICAMP,Julio C. S. dos Anjos; Kassiano J. Matteussi; Fernanda C. Orlandi; Jorge L. V. Barbosa; Jorge Sá Silva; Luiz F. Bittencourt; Cláudio F. R. Geyer,https://doi.org/10.1145/3625544,null,J,no_arxiv,0
2024,ACM Comput. Surveys,"A Survey on Resilience in Information Sharing on Networks: Taxonomy and Applied Techniques.",UFMG,Agnaldo de Souza Batista; Aldri Luiz dos Santos,https://doi.org/10.1145/3659944,null,J,no_arxiv,0
2024,ACM Comput. Surveys,"A Systematic Mapping Study on Social Network Privacy: Threats and Solutions.",UFAM; UFV,Andrey Antonio de O. Rodrigues; Maria Lúcia Bento Villela; Eduardo Feitosa,https://doi.org/10.1145/3645086,null,J,no_arxiv,0
2024,ACM Comput. Surveys,"Evaluation of XR Applications: A Tertiary Review.",UFRGS,Artur Becker; Carla Maria Dal Sasso Freitas,https://doi.org/10.1145/3626517,null,J,no_arxiv,0
2024,ACM Comput. Surveys,"Intelligent Edge-powered Data Reduction: A Systematic Literature Review.",UFJF,Laércio Pioli; Douglas D. J. de Macedo; Daniel G. Costa; Mario A. R. Dantas,https://doi.org/10.1145/3656338,null,J,no_arxiv,0
2024,ACM Comput. Surveys,"Maintenance Operations on Cloud, Edge, and IoT Environments: Taxonomy, Survey, and Research Challenges.",PUC-RS,Paulo Souza 0002; Tiago Ferreto; Rodrigo N. Calheiros,https://doi.org/10.1145/3659097,null,J,no_arxiv,0
2024,ACM Comput. Surveys,"Offloading Machine Learning to Programmable Data Planes: A Systematic Survey.",UFRGS,Ricardo Parizotto; Bruno Loureiro Coelho; Diego Cardoso Nunes; Israat Haque 0001; Alberto Schaeffer-Filho,https://doi.org/10.1145/3605153,null,J,no_arxiv,0
2024,ACM Comput. Surveys,"Rearrangement Distance Problems: An updated survey.",UNICAMP,Andre Rodrigues Oliveira; Klairton Lima Brito; Alexsandro Oliveira Alexandrino; Gabriel Siqueira; Ulisses Dias; Zanoni Dias,https://doi.org/10.1145/3653295,null,J,no_arxiv,0
2024,ACM Comput. Surveys,"Surveying Emerging Network Approaches for Military Command and Control Systems.",UFRGS,João Eduardo Costa Gomes; Ricardo Rodrigues Ehlert; Rodrigo Murillo Boesche; Vinicius Santosde Lima; Jorgito Matiuzzi Stocchero; Dante A. C. Barone; Juliano Araujo Wickboldt; Edison Pignaton de Freitas; Julio C. S. dos Anjos; Ricardo Queiroz de Araujo Fernandes,https://doi.org/10.1145/3626090,null,J,no_arxiv,0
2024,ACM Comput. Surveys,"Systems Interoperability Types: A Tertiary Study.",ICMC/USP; UFBA,Rita Suzana Pitangueira Maciel; Pedro Henrique Dias Valle; Kécia Souza Santana Santos; Elisa Yumi Nakagawa,https://doi.org/10.1145/3659098,null,J,http://arxiv.org/abs/2310.19999v1,0
2024,ACM Comput. Surveys,"Trusting My Predictions: On the Value of Instance-Level Analysis.",UNIFESP; UFPE,Ana Carolina Lorena; Pedro Yuri Arbs Paiva; Ricardo B. C. Prudêncio,https://doi.org/10.1145/3615354,null,J,no_arxiv,0
2024,Communications ACM,"Misinformation Campaigns through WhatsApp and Telegram in Presidential Elections in Brazil.",UFMG,Fabrício Benevenuto; Philipe Melo,https://doi.org/10.1145/3653325,null,J,no_arxiv,0
2024,ICRA,"Pedestrian Trajectory Prediction Using Dynamics-based Deep Learning.",ICMC/USP,Honghui Wang; Weiming Zhi; Gustavo Batista; Rohitash Chandra,https://doi.org/10.1109/ICRA57147.2024.10609993,null,C,no_arxiv,0
2024,ICRA,"RAPIDFlow: Recurrent Adaptable Pyramids with Iterative Decoding for Efficient Optical Flow Estimation.",IME/USP,Henrique Morimitsu; Xiaobin Zhu 0001; Roberto M. Cesar; Xiangyang Ji; Xu-Cheng Yin,https://doi.org/10.1109/ICRA57147.2024.10610277,null,C,no_arxiv,0
2024,IEEE RA-L,"A Generalized Thrust Estimation and Control Approach for Multirotors Micro Aerial Vehicles.",UFPB,Davi Henrique dos Santos; Martin Saska; Tiago P. Nascimento,https://doi.org/10.1109/LRA.2024.3433749,null,J,http://arxiv.org/abs/2412.02874v1,0
2024,IEEE RA-L,"Enhanced Optical Tracking of Weld Beads in Autonomous Inspection of Separator Vessels.",UTFPR; PUCPR,Vinicius de Vargas Terres; Marco Antonio Simoes Teixeira; Flávio Neves; Lúcia Valéria Ramos de Arruda; André Schneider de Oliveira,https://doi.org/10.1109/LRA.2023.3330680,null,J,no_arxiv,0
2024,IEEE RA-L,"Modifications of Fully Resampled PSO in the Inverse Kinematics of Robot Manipulators.",UFCG,David Oliveira Santos; Lucas Molina; José Gilmar Nunes de Carvalho Filho; Elyson Adan Nunes Carvalho; Eduardo O. Freire,https://doi.org/10.1109/LRA.2024.3349927,null,J,no_arxiv,0
2024,IEEE RA-L,"Proximal Control of UAVs With Federated Learning for Human-Robot Collaborative Domains.",UFPB,Lucas Nogueira Nobrega; Ewerton Lopes Silva de Oliveira; Martin Saska; Tiago Pereira do Nascimento,https://doi.org/10.1109/LRA.2024.3491417,null,J,no_arxiv,0
2024,IROS,"Communication-Constrained Multi-Robot Exploration with Intermittent Rendezvous.",UFMG,Alysson Ribeiro Da Silva; Luiz Chaimowicz; Thales C. Silva; M. Ani Hsieh,https://doi.org/10.1109/IROS58592.2024.10802343,null,C,no_arxiv,0
2024,IROS,"Energy-efficient Trajectory Planning with Media Transition for a Hybrid Unmanned Aerial-Underwater Vehicle.",UFMG; FURG,Pedro M. Pinheiro; Armando Alves Neto; Douglas G. Macharet; Paulo Lilles Jorge Drews,https://doi.org/10.1109/IROS58592.2024.10802863,null,C,no_arxiv,0
2024,IROS,"Enhancing Safety via Deep Reinforcement Learning in Trajectory Planning for Agile Flights in Unknown Environments.",UFSCar,Lidia Rocha; Jorge Bidinotto; Fredrik Heintz; Mattias Tiger; Kelen Vivaldini,https://doi.org/10.1109/IROS58592.2024.10801910,null,C,no_arxiv,0
2024,IROS,"k-Robust Conflict-Based Search with Continuous time for Multi-robot Coordination.",UFRGS,Guilherme Daudt; Alleff Dymytry; Mariana Kolberg; Renan Maffei,https://doi.org/10.1109/IROS58592.2024.10801503,null,C,no_arxiv,0
2024,Int. J. of Intelligent Robotics and Applications,"A review on quadrotor attitude control strategies.",FURG,Paulo Jefferson Dias de Oliveira Evald; Vivian Misaki Aoki; César Bastos da Silva; Dayana dos Santos Cardoso; Pedro Miranda Pinheiro; Silvia Silva da Costa Botelho; Paulo Lilles Jorge Drews Junior,https://doi.org/10.1007/s41315-023-00308-9,top,J,no_arxiv,0
2024,Intelligent Service Robotics,"Drone-robot to install aerial marker balls for power lines.",UFU,Rogério Sales Gonçalves; Talles M. de Carvalho; Pablo B. dos Santos; Frederico Costa Souza; Carlos Alberto Gallo; Daniel Edgardo Tio Sudbrack; Paulo Victor Trautmann; Bruno Cordeiro Clasen; Rafael Zimmermann Homma,https://doi.org/10.1007/s11370-023-00493-3,top,J,no_arxiv,0
2024,J. Field Robotics,"Sharing three-dimensional occupancy grid maps to support multi-UAVs cooperative navigation systems.",UFRGS,Maik Basso; Antonio S. da Silva; Diego Alvim Stocchero; Edison P. de Freitas,https://doi.org/10.1002/rob.22333,null,J,no_arxiv,0
2024,J. Intelligent & Robotic Syst.,"A Minimalistic 3D Self-Organized UAV Flocking Approach for Desert Exploration.",UFPB,Thulio Guilherme Silva De Amorim; Tiago P. Nascimento; Akash Chaudhary; Eliseo Ferrante; Martin Saska,https://doi.org/10.1007/s10846-024-02108-0,null,J,no_arxiv,0
2024,J. Intelligent & Robotic Syst.,"A Procedural Constructive Learning Mechanism with Deep Reinforcement Learning for Cognitive Agents.",UNICAMP,Leonardo de Lellis Rossi; Eric Rohmer; Paula Dornhofer Paro Costa; Esther Luna Colombini; Alexandre da Silva Simões; Ricardo Ribeiro Gudwin,https://doi.org/10.1007/s10846-024-02064-9,null,J,no_arxiv,0
2024,J. Intelligent & Robotic Syst.,"Diving into Clarity: Restoring Underwater Images using Deep Learning.",UFAM,Laura A. Martinho; João M. B. Cavalcanti; José L. S. Pio; Felipe G. Oliveira,https://doi.org/10.1007/s10846-024-02065-8,null,J,no_arxiv,0
2024,J. Intelligent & Robotic Syst.,"HOPE-G: A Dual Belt Treadmill Servo-Pneumatic System for Gait Rehabilitation.",UFU,Vinícius Vigolo; Lucas A. O. Rodrigues; Antonio Carlos Valdiero; Daniel A. L. da Cruz; Rogério Sales Gonçalves,https://doi.org/10.1007/s10846-024-02158-4,null,J,no_arxiv,0
2024,J. Intelligent & Robotic Syst.,"Multi-UAV Collaborative System for the Identification of Surface Cyanobacterial Blooms and Aquatic Macrophytes.",UFSCar,Kelen Cristiane Teixeira Vivaldini; Tatiana F. P. A. T. Pazelli; Lidia Giane Souza da Rocha; Igor Araujo Dias Santos; Kenny A. Q. Caldas; Diego P. Soler; João R. S. Benevides; Paulo V. G. Simplício; André Carmona Hernandes; Kleber O. Andrade; Pedro Henrique Corrêa Kim; Isaac Gaetani Alvarez; Eduardo Vieira Do Nascimento; Marcela A. A. Santos; Aline Gabriel de Almeida; Lucas H. G. Cavalcanti; Roberto S. Inoue; Marco H. Terra; Marcelo Becker,https://doi.org/10.1007/s10846-023-02043-6,null,J,no_arxiv,0
2024,J. Intelligent & Robotic Syst.,"Nonlinearly Optimized Dual Stereo Visual Odometry Fusion.",UFRN,Elizabeth Viviana Cabrera-Ávila; Bruno Marques Ferreira da Silva; Luiz Marcos Garcia Gonçalves,https://doi.org/10.1007/s10846-024-02069-4,null,J,no_arxiv,0
2024,J. Intelligent & Robotic Syst.,"Robotics Meets AI and Vision in South America (Topical Collection).",UFPR; UFRN; UFPB,Bruno Marques Ferreira da Silva; Eduardo Todt; Tiago P. Nascimento; Carla da Costa Fernandes Curvelo; Luiz M. G. Gonçalves,https://doi.org/10.1007/s10846-023-02039-2,null,J,no_arxiv,0
2024,J. Intelligent & Robotic Syst.,"Safe Navigation on Path-Following Tasks: A Study of MPC-based Collision Avoidance Schemes in Distributed Robot Systems.",IFMG,Arthur Da Costa Vangasse; Elias J. R. Freitas; Guilherme V. Raffo; Luciano C. A. Pimenta,https://doi.org/10.1007/s10846-024-02202-3,null,J,no_arxiv,0
2024,J. Intelligent & Robotic Syst.,"Towards Automatic Code Generation for Robotic Soccer Behavior Simulation.",UNEB,Raoni Sales; Ana Patrícia Fontes Magalhães Mascarenhas; Marco A. C. Simões; Josemar Rodrigues de Souza,https://doi.org/10.1007/s10846-023-02036-5,null,J,no_arxiv,0
2024,J. Intelligent & Robotic Syst.,"Wireless Communication-aware Path Planning and Multiple Robot Navigation Strategies for Assisted Inspections.",ITV; UFMG,André Cid; Arthur Vangasse; Sofia Pereira Campos; Mário Delunardo; Gilmar Pereira da Cruz Júnior; Nilton S. Thiago Neto; Luciano C. A. Pimenta; Jacó Domingues; Luiz Barros; Héctor Azpúrua; Gustavo Pessin; Gustavo Medeiros Freitas,https://doi.org/10.1007/s10846-024-02112-4,null,J,no_arxiv,0
2024,Robotics & Autonomous Syst.,"Climbing robot for advanced high-temperature weld bead inspection.",UTFPR; PUCPR,Nicolas Dalmedico; Vinicius de Vargas Terres; Juliano Scholz Slongo; Marco Antônio Simões Teixeira; Flávio Neves; Lúcia Valéria Ramos de Arruda; Daniel Rodrigues Pipa; Thiago Alberto Rigo Passarin; Carlos Cziulik; Julio Endress Ramos; André Schneider de Oliveira,https://doi.org/10.1016/j.robot.2024.104757,null,J,no_arxiv,0
2024,Robotics & Autonomous Syst.,"Semi-autonomous mobile robot coupled to a drone for debris removal from high-voltage power lines.",UFU,Rogério Sales Gonçalves; Frederico Costa Souza; Claudio Costa Souza; Daniel Edgardo Tio Sudbrack; Paulo Victor Trautmann; Bruno Cordeiro Clasen; Rafael Zimmermann Homma,https://doi.org/10.1016/j.robot.2024.104697,null,J,no_arxiv,0
2023,ACM Comput. Surveys,"3D Scene Geometry Estimation from 360° Imagery: A Survey.",UFRGS,Thiago L. T. da Silveira; Paulo G. L. Pinto; Jeffri Murrugarra-Llerena; Cláudio R. Jung,https://doi.org/10.1145/3519021,null,J,no_arxiv,0
2023,ACM Comput. Surveys,"A Comparative Survey of Instance Selection Methods applied to Non-Neural and Transformer-Based Text Classification.",UFSJ; UFMG,Washington Cunha; Felipe Viegas; Celso França; Thierson Rosa; Leonardo Rocha 0001; Marcos André Gonçalves,https://doi.org/10.1145/3582000,null,J,no_arxiv,0
2023,ACM Comput. Surveys,"A Survey on Embedding Dynamic Graphs.",UFJF; LNCC,Claudio Daniel Tenorio de Barros; Matheus R. F. Mendonça; Alex Borges Vieira; Artur Ziviani,https://doi.org/10.1145/3483595,null,J,http://arxiv.org/abs/2101.01229v2,0
2023,ACM Comput. Surveys,"A Survey on Semi-supervised Learning for Delayed Partially Labelled Data Streams.",ICMC/USP,Heitor Murilo Gomes; Maciej Grzenda; Rodrigo Fernandes de Mello; Jesse Read; Minh-Huong Le Nguyen; Albert Bifet,https://doi.org/10.1145/3523055,null,J,no_arxiv,0
2023,ACM Comput. Surveys,"Automatic Performance Assessment in Three-dimensional Interactive Haptic Medical Simulators: A Systematic Review.",EACH/USP,Lucas Henna Sallaberry; Romero Tori; Fátima L. S. Nunes,https://doi.org/10.1145/3539222,null,J,no_arxiv,0
2023,ACM Comput. Surveys,"Computational Resource Allocation in Fog Computing: A Comprehensive Survey.",UnB,João Bachiega Jr.; Breno G. S. Costa; Leonardo Rebouças de Carvalho; Michel J. F. Rosa; Aletéia P. F. Araújo,https://doi.org/10.1145/3586181,null,J,no_arxiv,0
2023,ACM Comput. Surveys,"Evaluation of Systems-of-Systems Software Architectures: State of the Art and Future Perspectives.",ICMC/USP,Daniel Soares Santos; Brauner R. N. Oliveira; Rick Kazman; Elisa Yumi Nakagawa,https://doi.org/10.1145/3519020,null,J,no_arxiv,0
2023,ACM Comput. Surveys,"Gait Recognition Based on Deep Learning: A Survey.",UNESP,Claudio Filipi Gonçalves dos Santos; Diego de Souza Oliveira; Leandro A. Passos; Rafael Gonçalves Pires; Daniel Felipe Silva Santos; Lucas Pascotti Valem; Thierry Pinheiro Moreira; Marcos Cleison S. Santana; Mateus Roder; João Paulo Papa; Danilo Colombo,https://doi.org/10.1145/3490235,null,J,http://arxiv.org/abs/2201.03323v1,0
2023,ACM Comput. Surveys,"Intel Software Guard Extensions Applications: A Survey.",UFPR,Newton Carlos Will; Carlos Alberto Maziero,https://doi.org/10.1145/3593021,null,J,no_arxiv,0
2023,ACM Comput. Surveys,"Knowledge Tracing: A Survey.",PUC-Rio,Ghodai Abdelrahman; Qing Wang 0002; Bernardo Pereira Nunes,https://doi.org/10.1145/3569576,null,J,http://arxiv.org/abs/2201.06953v1,0
2023,ACM Comput. Surveys,"Orchestration in Fog Computing: A Comprehensive Survey.",UnB,Breno G. S. Costa; João Bachiega Jr.; Leonardo Rebouças de Carvalho; Aletéia P. F. Araújo,https://doi.org/10.1145/3486221,null,J,no_arxiv,0
2023,ACM Comput. Surveys,"Predictive Maintenance in the Military Domain: A Systematic Review of the Literature.",UFRGS; Unisinos,Jovani Dalzochio; Rafael Kunst; Jorge Luis Victória Barbosa; Pedro Clarindo da Silva Neto; Edison Pignaton; Carla Schwengber ten Caten; Alex de Lima Teodoro da Penha,https://doi.org/10.1145/3586100,null,J,no_arxiv,0
2023,ACM Comput. Surveys,"State of Practical Applicability of Regression Testing Research: A Live Systematic Literature Review.",UFPE,Renan Greca; Breno Miranda; Antonia Bertolino,https://doi.org/10.1145/3579851,null,J,no_arxiv,0
2023,ACM Comput. Surveys,"Survey on Digital Video Stabilization: Concepts, Methods, and Challenges.",UNICAMP,Marcos Roberto e Souza; Helena de Almeida Maia; Hélio Pedrini,https://doi.org/10.1145/3494525,null,J,no_arxiv,0
2023,ACM Comput. Surveys,"Systematic Literature Review on Parallel Trajectory-based Metaheuristics.",UFOP,André Luís Barroso Almeida; Joubert de Castro Lima; Marco Antonio Moreira de Carvalho,https://doi.org/10.1145/3550484,null,J,no_arxiv,0
2023,ACM Comput. Surveys,"Trust in Edge-based Internet of Things Architectures: State of the Art and Research Challenges.",DCC/UFRJ,Lidia Fotia; Flávia Coimbra Delicato; Giancarlo Fortino,https://doi.org/10.1145/3558779,null,J,no_arxiv,0
2023,ACM Comput. Surveys,"Vehicular Edge Computing: Architecture, Resource Management, Security, and Challenges.",UNICAMP; UnB; ICMC/USP,Rodolfo I. Meneguette; Robson E. De Grande; Jo Ueyama; Geraldo P. Rocha Filho; Edmundo R. M. Madeira,https://doi.org/10.1145/3485129,null,J,no_arxiv,0
2023,Autonomous Robots,"HeRo 2.0: a low-cost robot for swarm robotics research.",UFMG,Paulo A. F. Rezeck; Héctor Azpúrua; Maurício F. S. Corrêa; Luiz Chaimowicz,https://doi.org/10.1007/s10514-023-10100-0,null,J,no_arxiv,0
2023,Communications ACM,"Generating and Exploiting Automated Reasoning Proof Certificates.",UFMG,Haniel Barbosa; Clark W. Barrett; Byron Cook; Bruno Dutertre; Gereon Kremer; Hanna Lachnitt; Aina Niemetz; Andres Nötzli; Alex Ozdemir; Mathias Preiner; Andrew Reynolds 0001; Cesare Tinelli; Yoni Zohar,https://doi.org/10.1145/3587692,null,J,no_arxiv,0
2023,Comput. Stand. Interfaces,"A parallel programming assessment for stream processing applications on multi-core systems.",PUC-RS; UNIRIO,Gabriella Andrade; Dalvan Griebler; Rodrigo Pereira dos Santos; Luiz Gustavo Fernandes,https://doi.org/10.1016/j.csi.2022.103691,null,J,no_arxiv,0
2023,ICRA,"Efficiently Approaching Groups of People in a Socially Acceptable Manner in Environments with Obstacles.",UFMG,Aline F. F. Silva; Luciano E. Almeida; Douglas G. Macharet,https://doi.org/10.1109/ICRA48891.2023.10160378,null,C,no_arxiv,0
2023,ICRA,"Towards a Reliable and Lightweight Onboard Fault Detection in Autonomous Unmanned Aerial Vehicles.",PUCPR,Sai Srinadhu Katta; Eduardo Kugler Viegas,https://doi.org/10.1109/ICRA48891.2023.10161183,null,C,no_arxiv,0
2023,IEEE RA-L,"Estimating the Loss of Effectiveness of UAV Actuators in the Presence of Aerodynamic Effects.",UFPB,Sarah Pontes Madruga; Tiago P. Nascimento; Florian Holzapfel; Antonio M. N. Lima,https://doi.org/10.1109/LRA.2023.3238184,null,J,no_arxiv,0
2023,IEEE RA-L,"Landing a UAV in Harsh Winds and Turbulent Open Waters.",UFPB,Parakh M. Gupta; Èric Pairet; Tiago P. Nascimento; Martin Saska,https://doi.org/10.1109/LRA.2022.3231831,null,J,http://arxiv.org/abs/2301.00255v2,0
2023,IEEE RA-L,"Minimal Exposure Paths in Time-Varying Fields: A Semi-Lagrangian Approach.",UFMG,Armando Alves Neto; Víctor Costa da Silva Campos; Douglas G. Macharet,https://doi.org/10.1109/LRA.2022.3230595,null,J,no_arxiv,0
2023,IEEE RA-L,"Non-Contact Tactile Perception for Hybrid-Active Gripper.",UTFPR,Jonathas H. M. Pereira; Carlos Fernando Joventino; João Alberto Fabro; André Schneider de Oliveira,https://doi.org/10.1109/LRA.2023.3264166,null,J,no_arxiv,0
2023,IROS,"Body Posture Controller for Actively Articulated Tracked Vehicles Moving Over Rough and Unknown Terrains.",ITV,Filipe Rocha; André Cid; Mário Delunardo; Renato P. Junior; Nilton S. Thiago Neto; Luiz Barros; Jacó Domingues; Gustavo Pessin; Gustavo Medeiros Freitas; Ramon R. Costa,https://doi.org/10.1109/IROS55552.2023.10341528,null,C,no_arxiv,0
2023,IROS,"Energy-Efficient Team Orienteering Problem in the Presence of Time-Varying Ocean Currents.",UFMG,Ariella Mansfield; Douglas G. Macharet; M. Ani Hsieh,https://doi.org/10.1109/IROS55552.2023.10341645,null,C,no_arxiv,0
2023,IROS,"EvCenterNet: Uncertainty Estimation for Object Detection Using Evidential Learning.",FURG,Monish R. Nallapareddy; Kshitij Sirohi; Paulo Lilles Jorge Drews; Wolfram Burgard; Chih-Hong Cheng; Abhinav Valada,https://doi.org/10.1109/IROS55552.2023.10341826,null,C,http://arxiv.org/abs/2303.03037v2,0
2023,IROS,"Towards a Robust Adversarial Patch Attack Against Unmanned Aerial Vehicles Object Detection.",PUCPR,Samridha Shrestha; Saurabh Pathak; Eduardo K. Viegas,https://doi.org/10.1109/IROS55552.2023.10342460,null,C,no_arxiv,0
2023,Int. J. of Intelligent Robotics and Applications,"Performance analysis of path planning techniques for autonomous robots.",UFSCar,Lidia Gianne Souza da Rocha; Pedro Henrique Corrêa Kim; Kelen Cristiane Teixeira Vivaldini,https://doi.org/10.1007/s41315-023-00298-8,top,J,no_arxiv,0
2023,J. Field Robotics,"A systematic literature review of flying ad hoc networks: State-of-the-art, challenges, and perspectives.",UFRGS; Unisinos,Faezeh Pasandideh; João P. J. da Costa; Rafael Kunst; Wibowo Hardjawana; Edison Pignaton de Freitas,https://doi.org/10.1002/rob.22157,null,J,no_arxiv,0
2023,J. Field Robotics,"Merging three-dimensional occupancy grid maps to support multi-UAVs cooperative navigation systems.",UFRGS,Maik Basso; Diego Stocchero; Pedro Schnarndorf; Edison Pignaton de Freitas,https://doi.org/10.1002/rob.22143,null,J,no_arxiv,0
2023,J. Intelligent & Robotic Syst.,"A Multisession SLAM Approach for RatSLAM.",UFRGS,Matheus Chaves Menezes; Mauro Enrique de Souza Muñoz; Edison Pignaton de Freitas; Sen Cheng; Areolino de Almeida Neto; Paulo Rogério de Almeida Ribeiro; Alexandre C. M. Oliveira,https://doi.org/10.1007/s10846-023-01816-3,null,J,no_arxiv,0
2023,J. Intelligent & Robotic Syst.,"A Probabilistic Underwater Localisation based on Cross-view and Cross-domain Acoustic and Aerial Images.",FURG,Matheus Machado dos Santos; Paulo Jefferson Dias de Oliveira Evald; Giovanni G. De Giacomo; Paulo Lilles Jorge Drews Junior; Silvia Silva da Costa Botelho,https://doi.org/10.1007/s10846-023-01837-y,null,J,no_arxiv,0
2023,J. Intelligent & Robotic Syst.,"A Sim-to-real Practical Approach to Teach Robotics into K-12: A Case Study of Simulators, Educational and DIY Robotics in Competition-based Learning.",UTFPR,Carlos Fernando Joventino; Raphael de Abreu Alves e Silva; Jonathas H. M. Pereira; Jean Mimar Santa Cruz Yabarrena; André Schneider de Oliveira,https://doi.org/10.1007/s10846-022-01790-2,null,J,no_arxiv,0
2023,J. Intelligent & Robotic Syst.,"A Systematic Review on Continuing Education of Teachers for Educational Robotics.",UFRN,Denilton S. de Oliveira; Luciane T. S. Garcia; Luiz M. G. Gonçalves,https://doi.org/10.1007/s10846-022-01804-z,null,J,no_arxiv,0
2023,J. Intelligent & Robotic Syst.,"Altitude Control of an Unmanned Air-Water Hybrid Vehicle in the Media Transition.",FURG,Lucas Griep Tuchtenhagen; Pedro Miranda Pinheiro; Vivian Misaki Aoki; Paulo Jefferson Dias de Oliveira Evald; Mauro André Barbosa Cunha; Paulo Lilles Jorge Drews Junior,https://doi.org/10.1007/s10846-022-01791-1,null,J,no_arxiv,0
2023,J. Intelligent & Robotic Syst.,"Jubileo: An Immersive Simulation Framework for Social Robot Design.",UFSM,Jair Augusto Bottega; Victor Augusto Kich; Junior Costa de Jesus; Raul Steinmetz; Alisson Henrique Kolling; Ricardo Bedin Grando; Rodrigo da Silva Guerra; Daniel Fernando Tello Gamarra,https://doi.org/10.1007/s10846-023-01991-3,null,J,no_arxiv,0
2023,J. Intelligent & Robotic Syst.,"MRS Drone: A Modular Platform for Real-World Deployment of Aerial Multi-Robot Systems.",UFPB,Daniel Hert; Tomás Báca; Pavel Petrácek; Vít Krátký; Robert Penicka; Vojtech Spurný; Matej Petrlík; Matous Vrba; David Zaitlik; Pavel Stoudek; Viktor Walter; Petr Stepan; Jiri Horyna; Václav Pritzl; Martin Sramek; Afzal Ahmad; Giuseppe Silano; Daniel Bonilla Licea; Petr Stibinger; Tiago Pereira do Nascimento; Martin Saska,https://doi.org/10.1007/s10846-023-01879-2,null,J,no_arxiv,0
2023,J. Intelligent & Robotic Syst.,"Robotics Research Growth in Latin America: Topical Collection on LARS 2020.",UFRN; FURG,Paulo Lilles Jorge Drews Junior; Luiz M. G. Gonçalves,https://doi.org/10.1007/s10846-022-01789-9,null,J,no_arxiv,0
2023,J. Intelligent & Robotic Syst.,"Robust LQR-Based Architecture for Faulty Networked Control Systems.",UFSCar,João R. S. Benevides; Roberto S. Inoue; Marco H. Terra,https://doi.org/10.1007/s10846-023-02017-8,null,J,no_arxiv,0
2023,J. Intelligent & Robotic Syst.,"Solving Multi-Agent Pickup and Delivery Problems using Multiobjective Optimization.",UFJF,Ana Carolina L. C. Queiroz; Alex Borges Vieira; Heder Bernardino,https://doi.org/10.1007/s10846-023-01951-x,null,J,no_arxiv,0
2023,Robotica,"Comparison of theoretical and experimental models for knee flexion/extension using a cable-driven robot.",UFU,Rogério Sales Gonçalves; Yasmin V. Kaufmann,https://doi.org/10.1017/S0263574723000024,null,J,no_arxiv,0
2023,Robotica,"Development of a novel body weight support system for gait rehabilitation.",UFU,Lucas A. O. Rodrigues; Rogério Sales Gonçalves,https://doi.org/10.1017/S0263574722001709,null,J,no_arxiv,0
2023,Robotics & Autonomous Syst.,"A Survey on the autonomous exploration of confined subterranean spaces: Perspectives from real-word and industrial robotic deployments.",UFMG; ITV,Héctor Azpúrua; Maíra Saboia da Silva; Gustavo Medeiros Freitas; Lillian Clark; Ali-akbar Agha-mohammadi; Gustavo Pessin; Mario F. M. Campos; Douglas G. Macharet,https://doi.org/10.1016/j.robot.2022.104304,null,J,no_arxiv,0
2023,Robotics & Autonomous Syst.,"Mission specification and decomposition for multi-robot systems.",UnB,Eric Bernd Gil; Genaína Nunes Rodrigues; Patrizio Pelliccione; Radu Calinescu,https://doi.org/10.1016/j.robot.2023.104386,null,J,no_arxiv,0
2023,Robotics & Autonomous Syst.,"Parallel multi-speed Pursuit-Evasion Game algorithms.",UFMG,Renato Fernando dos Santos; Ragesh K. Ramachandran; Marcos A. M. Vieira; Gaurav S. Sukhatme,https://doi.org/10.1016/j.robot.2023.104382,null,J,no_arxiv,0
2023,Swarm Intelligence,"Out-of-the-box parameter control for evolutionary and swarm-based algorithms with distributed reinforcement learning.",UFPE,Marcelo Gomes Pereira de Lacerda; Fernando Buarque de Lima Neto; Teresa Bernarda Ludermir; Herbert Kuchen,https://doi.org/10.1007/s11721-022-00222-z,top,J,no_arxiv,0
2022,ACM Comput. Surveys,"A Survey of Music Visualization Techniques.",UFPA,Hugo Brito Lima; Carlos Gustavo Resque dos Santos; Bianchi Serique Meiguins,https://doi.org/10.1145/3461835,null,J,no_arxiv,0
2022,ACM Comput. Surveys,"A Survey on Concept Drift in Process Mining.",PUCPR,Denise Maria Vecino Sato; Sheila Cristiana De Freitas; Jean Paul Barddal; Edson Emílio Scalabrin,https://doi.org/10.1145/3472752,null,J,http://arxiv.org/abs/2112.02000v1,0
2022,ACM Comput. Surveys,"Avoiding Overfitting: A Survey on Regularization Methods for Convolutional Neural Networks.",UNESP,Claudio Filipi Goncalves dos Santos; João Paulo Papa,https://doi.org/10.1145/3510413,null,J,http://arxiv.org/abs/2201.03299v1,0
2022,ACM Comput. Surveys,"Beyond Multimedia Authoring: On the Need for Mulsemedia Authoring Tools.",UFF,Douglas Paulo de Mattos; Débora C. Muchaluat-Saade; Gheorghita Ghinea,https://doi.org/10.1145/3464422,null,J,no_arxiv,0
2022,ACM Comput. Surveys,"Data Modeling and NoSQL Databases - A Systematic Mapping Review.",UnB,Harley Vera Olivera; Guo RuiZhe; Ruben Cruz Huacarpuma; Ana Paula Bernardi da Silva; Ari Melo Mariano; Maristela Holanda,https://doi.org/10.1145/3457608,null,J,no_arxiv,0
2022,ACM Comput. Surveys,"Dynamic Testing Techniques of Non-functional Requirements in Mobile Apps: A Systematic Mapping Study.",UNIFEI; ICMC/USP,Misael Costa Júnior; Domenico Amalfitano; Lina Garcés; Anna Rita Fasolino; Stevão Alves de Andrade; Márcio Eduardo Delamaro,https://doi.org/10.1145/3507903,null,J,no_arxiv,0
2022,ACM Comput. Surveys,"Left Ventricle Segmentation in Cardiac MR: A Systematic Mapping of the Past Decade.",EACH/USP,Matheus Alberto de Oliveira Ribeiro; Fátima L. S. Nunes,https://doi.org/10.1145/3517190,null,J,no_arxiv,0
2022,ACM Comput. Surveys,"Main Memory Database Recovery: A Survey.",UFC,Arlino Magalhães; José Maria Monteiro; Angelo Brayner,https://doi.org/10.1145/3442197,null,J,no_arxiv,0
2022,ACM Comput. Surveys,"Measuring Presence in Virtual Environments: A Survey.",UFRGS; Unisinos,Vinicius Costa de Souza; Anderson Maciel; Luciana Porcher Nedel; Regis Kopper,https://doi.org/10.1145/3466817,null,J,no_arxiv,0
2022,ACM Comput. Surveys,"Mobility Trace Analysis for Intelligent Vehicular Networks: Methods, Models, and Applications.",UFMG,Clayson Celes; Azzedine Boukerche; Antonio A. F. Loureiro,https://doi.org/10.1145/3446679,null,J,no_arxiv,0
2022,ACM Comput. Surveys,"Persistent Memory: A Survey of Programming Support and Implementations.",UNESP,Alexandro Baldassin; João Barreto 0001; Daniel Castro 0004; Paolo Romano 0002,https://doi.org/10.1145/3465402,null,J,no_arxiv,0
2022,ACM Comput. Surveys,"Principal Component Analysis: A Natural Approach to Data Exploration.",UFSCar; ICMC/USP,Felipe L. Gewers; Gustavo R. Ferreira; Henrique Ferraz de Arruda; Filipi Nascimento Silva; Cesar H. Comin; Diego R. Amancio; Luciano da Fontoura Costa,https://doi.org/10.1145/3447755,null,J,http://arxiv.org/abs/1804.02502v2,0
2022,ACM Comput. Surveys,"Service Computing for Industry 4.0: State of the Art, Challenges, and Research Opportunities.",UFSC,Frank Siqueira; Joseph G. Davis,https://doi.org/10.1145/3478680,null,J,no_arxiv,0
2022,ACM Comput. Surveys,"Syntactic Pattern Recognition in Computer Vision: A Systematic Review.",UFMS,Gilberto Astolfi; Fábio Prestes Cesar Rezende; João Vitor de Andrade Porto; Edson Takashi Matsubara; Hemerson Pistori,https://doi.org/10.1145/3447241,null,J,no_arxiv,0
2022,ACM Comput. Surveys,"Temporal Relation Extraction in Clinical Texts: A Systematic Review.",PUCPR,Yohan Bonescki Gumiel; Lucas Emanuel Silva e Oliveira; Vincent Claveau; Natalia Grabar; Emerson Cabrera Paraiso; Claudia Maria Cabral Moro Barra; Deborah Ribeiro Carvalho,https://doi.org/10.1145/3462475,null,J,no_arxiv,0
2022,ACM Comput. Surveys,"Text Mining in Cybersecurity: A Systematic Literature Review.",Unisinos,Luciano Ignaczak; Guilherme Goldschmidt; Cristiano André da Costa; Rodrigo da Rosa Righi,https://doi.org/10.1145/3462477,null,J,no_arxiv,0
2022,Comput. Stand. Interfaces,"A visual approach for identification and annotation of business process elements in process descriptions.",UFRGS; EACH/USP,Leonardo Silva Rosa; Thanner Soares Silva; Marcelo Fantinato; Lucinéia Heloisa Thom,https://doi.org/10.1016/j.csi.2021.103601,null,J,no_arxiv,0
2022,Comput. Stand. Interfaces,"On the effects of continuous delivery on code quality: A case study in industry.",Unisinos,Maluane Rubert; Kleinner Farias,https://doi.org/10.1016/j.csi.2021.103588,null,J,no_arxiv,0
2022,IEEE Computer,"Trends in User Identity and Continuous Authentication.",Unisinos,Uélison Jean Lopes dos Santos; Cristiano André da Costa; André Henrique Mayer; Eduardo Souza dos Reis; Juan Eduardo Cruz Maldonado; Jorge Luis Victória Barbosa; Rodolfo Stoffel Antunes; Rodrigo da Rosa Righi; Nelson Eduardo Flores,https://doi.org/10.1109/MC.2022.3187274,null,J,no_arxiv,0
2022,IEEE RA-L,"ACHORD: Communication-Aware Multi-Robot Coordination With Intermittent Connectivity.",ITV,Maira Saboia; Lillian Clark; Vivek Thangavelu; Jeffrey A. Edlund; Kyohei Otsu; Gustavo J. Correa; Vivek Shankar Varadharajan; Angel Santamaria-Navarro; Thomas Touma; Amanda Bouman; Hovhannes Melikyan; Torkom Pailevanian; Sung-Kyun Kim; Avak Archanian; Tiago Stegun Vaquero; Giovanni Beltrame; Nils Napp; Gustavo Pessin; Ali-akbar Agha-mohammadi,https://doi.org/10.1109/LRA.2022.3193240,null,J,no_arxiv,0
2022,IEEE RA-L,"Autonomous Environment Disinfection Based on Dynamic UV-C Irradiation Map.",UFRGS,Mathias Mantelli; Letícia dos Santos; Lucas de Fraga; Giovanna Miotto; Augusto Bergamin; Etevaldo Cardoso; Miguel Serrano; Renan Maffei; Edson Prestes; João Netto; Mariana Luderitz Kolberg,https://doi.org/10.1109/LRA.2022.3152719,null,J,no_arxiv,0
2022,IEEE RA-L,"Chemistry-Inspired Pattern Formation With Robotic Swarms.",UFMG,Paulo A. F. Rezeck; Luiz Chaimowicz,https://doi.org/10.1109/LRA.2022.3190638,null,J,no_arxiv,0
2022,IEEE RA-L,"Cross-View and Cross-Domain Underwater Localization Based on Optical Aerial and Acoustic Underwater Images.",FURG,Matheus Machado dos Santos; Giovanni G. De Giacomo; Paulo L. J. Drews-Jr; Silvia S. C. Botelho,https://doi.org/10.1109/LRA.2022.3154482,null,J,no_arxiv,0
2022,IEEE RA-L,"Large-Scale Autonomous Flight With Real-Time Semantic SLAM Under Dense Forest Canopy.",ICMC/USP,Xu Liu 0007; Guilherme V. Nardari; Fernando Cladera Ojeda; Yuezhan Tao; Alex Zhou; Thomas Donnelly; Chao Qu; Steven W. Chen; Roseli A. F. Romero; Camillo J. Taylor; Vijay Kumar 0001,https://doi.org/10.1109/LRA.2022.3154047,null,J,no_arxiv,0
2022,IEEE RA-L,"Side-Pull Maneuver: A Novel Control Strategy for Dragging a Cable-Tethered Load of Unknown Weight Using a UAV.",UFPB,Alexandre Santos Brandão; Daniel Smrcka; Èric Pairet; Tiago P. Nascimento; Martin Saska,https://doi.org/10.1109/LRA.2022.3190092,null,J,no_arxiv,0
2022,IEEE RA-L,"Topological Semantic Mapping by Consolidation of Deep Visual Features.",UFPE,Ygor C. N. Sousa; Hansenclever F. Bassani,https://doi.org/10.1109/LRA.2022.3149572,null,J,http://arxiv.org/abs/2106.12709v3,0
2022,IEEE Robotics & Automation Mag.,"The Role of Robotics in Achieving the United Nations Sustainable Development Goals - The Experts' Meeting at the 2021 IEEE/RSJ IROS Workshop [Industry Activities].",UFRGS,Vincent Mai; Bram Vanderborght; Tamás Haidegger; Alaa M. Khamis; Niraj Bhargava; Dominik B. O. Boesl; Katleen Gabriels; An Jacobs; AJung Moon; Robin R. Murphy; Yasushi Nakauchi; Edson Prestes; Rao R. Bhavani; Ricardo Vinuesa; Carl-Maria Mörch,https://doi.org/10.1109/MRA.2022.3143409,null,J,no_arxiv,0
2022,IEEE/CAA Journal of Automatica Sinica,"Aerodynamic Effects Compensation on Multi-Rotor UAVs Based on a Neural Network Control Allocation Approach.",UFPB,Sarah Pontes Madruga; Augusto de Holanda B. M. Tavares; Saulo Oliveira Dornellas Luiz; Tiago Pereira do Nascimento; Antonio Marcus N. Lima,https://doi.org/10.1109/JAS.2021.1004266,null,J,no_arxiv,0
2022,IROS,"Depth-CUPRL: Depth-Imaged Contrastive Unsupervised Prioritized Representations in Reinforcement Learning for Mapless Navigation of Unmanned Aerial Vehicles.",FURG,Junior Costa de Jesus; Victor Augusto Kich; Alisson Henrique Kolling; Ricardo B. Grando; Rodrigo da Silva Guerra; Paulo Lilles Drews Jr.,https://doi.org/10.1109/IROS47612.2022.9982161,null,C,no_arxiv,0
2022,IROS,"Energy-efficient Orienteering Problem in the Presence of Ocean Currents.",UFMG,Ariella Mansfield; Douglas G. Macharet; M. Ani Hsieh,https://doi.org/10.1109/IROS47612.2022.9981818,null,C,no_arxiv,0
2022,Int. J. of Intelligent Robotics and Applications,"Correction to: Rbot: development of a robot‑driven radio base station maintenance system.",UFPE,Djamel Sadok; Daniel Bezerra; Marrone Dantas; Gabriel Reis; Pedro Henrique Dreyer Leuchtenberg; Carolina C. D. Ledebour; Ricardo S. Souza; Silvia Lins; Maria V. Marquezini; Judith Kelner,https://doi.org/10.1007/s41315-021-00214-y,top,J,no_arxiv,0
2022,Int. J. of Intelligent Robotics and Applications,"Rbot: development of a robot-driven radio base station maintenance system.",UFPE,Djamel Sadok; Daniel Bezerra; Marrone Dantas; Gabriel Reis; Pedro Henrique Dreyer Leuchtenberg; Carolina C. D. Ledebour; Ricardo S. Souza; Silvia Lins; Maria V. Marquezini; Judith Kelner,https://doi.org/10.1007/s41315-021-00206-y,top,J,no_arxiv,0
2022,J. Intelligent & Robotic Syst.,"A Deep Reinforcement Learning Approach with Visual Semantic Navigation with Memory for Mobile Robots in Indoor Home Context.",ICMC/USP,Iury Batista de Andrade Santos; Roseli A. F. Romero,https://doi.org/10.1007/s10846-021-01566-0,null,J,no_arxiv,0
2022,J. Intelligent & Robotic Syst.,"Comparing Social Robot Embodiment for Child Musical Education.",UFPE,Bruno de Souza Jeronimo; Anna Priscilla de Albuquerque Wheler; José Paulo G. de Oliveira; Rodrigo Melo; Carmelo J. A. Bastos Filho; Judith Kelner,https://doi.org/10.1007/s10846-022-01604-5,null,J,no_arxiv,0
2022,J. Intelligent & Robotic Syst.,"Double Critic Deep Reinforcement Learning for Mapless 3D Navigation of Unmanned Aerial Vehicles.",FURG,Ricardo Bedin Grando; Junior Costa de Jesus; Victor Augusto Kich; Alisson Henrique Kolling; Paulo Lilles Jorge Drews Junior,https://doi.org/10.1007/s10846-021-01568-y,null,J,http://arxiv.org/abs/2112.13724v1,0
2022,J. Intelligent & Robotic Syst.,"Editorial Notes for Topical Collection on Robotica 2019.",UNICAMP; UFRN; FURG,Esther Luna Colombini; Paulo L. J. Drews-Jr; Luiz M. G. Gonçalves,https://doi.org/10.1007/s10846-021-01557-1,null,J,no_arxiv,0
2022,J. Intelligent & Robotic Syst.,"Experimentation and Simulation with Autonomous Coverage Path Planning for UAVs.",CEFET-RJ,Iago Z. Biundini; Aurelio G. Melo; Fabrício O. Coelho; Leonardo de Mello Honório; André L. M. Marcato; Milena Faria Pinto,https://doi.org/10.1007/s10846-022-01654-9,null,J,no_arxiv,0
2022,J. Intelligent & Robotic Syst.,"HOSA: An End-to-End Safety System for Human-Robot Interaction.",UFPE,Gibson B. N. Barbosa; Carolina C. D. Ledebour; Assis T. Oliveira Filho; Iago Richard Rodrigues Silva; Djamel Sadok; Judith Kelner; Ricardo S. Souza,https://doi.org/10.1007/s10846-022-01701-5,null,J,no_arxiv,0
2022,J. Intelligent & Robotic Syst.,"Matching Cross-Domain Data with Cooperative Training of Triplet Networks: A Case Study on Underwater Robotics.",FURG,Giovanni G. De Giacomo; Matheus Machado dos Santos; Paulo L. J. Drews-Jr; Silvia S. C. Botelho,https://doi.org/10.1007/s10846-022-01591-7,null,J,no_arxiv,0
2022,J. Intelligent & Robotic Syst.,"Path-following Algorithms Comparison using Software-in-the-Loop Simulations for UAVs.",ICMC/USP,Daniel M. Xavier; Natassya B. F. Silva; Kalinka R. L. J. C. Branco,https://doi.org/10.1007/s10846-022-01764-4,null,J,no_arxiv,0
2022,J. Intelligent & Robotic Syst.,"Semantic Temporal Object Search System Based on Heat Maps.",UFRGS,Mathias Mantelli; Farzan Majeed Noori; Diego Pittol; Renan Maffei; Jim Torresen; Mariana Kolberg,https://doi.org/10.1007/s10846-022-01760-8,null,J,no_arxiv,0
2022,J. Intelligent & Robotic Syst.,"Trajectory Planning for Hybrid Unmanned Aerial Underwater Vehicles with Smooth Media Transition.",UFMG; FURG,Pedro M. Pinheiro; Armando Alves Neto; Ricardo B. Grando; César B. da Silva; Vivian M. Aoki; Dayana Cardoso; Alexandre C. Horn; Paulo L. J. Drews-Jr,https://doi.org/10.1007/s10846-021-01567-z,null,J,http://arxiv.org/abs/2112.13819v1,0
2022,J. Intelligent & Robotic Syst.,"User-oriented Natural Human-Robot Control with Thin-Plate Splines and LRCN.",UFAL,Bruno G. C. Lima; Lucas Amaral; Givanildo Nascimento Jr.; Victor Mafra; Bruno Georgevich Ferreira; Tiago F. Vieira; Thales Vieira,https://doi.org/10.1007/s10846-021-01560-6,null,J,no_arxiv,0
2022,J. Intelligent & Robotic Syst.,"Visual-based Assistive Method for UAV Power Line Inspection and Landing.",CEFET-RJ,Lucas F. Diniz; Milena F. Pinto; Aurelio G. Melo; Leonardo de M. Honório,https://doi.org/10.1007/s10846-022-01725-x,null,J,no_arxiv,0
2022,Robotica,"Development of nonmotorized mechanisms for lower limb rehabilitation.",UFU,Rogério Sales Gonçalves; Lucas A. O. Rodrigues,https://doi.org/10.1017/S0263574721000412,null,J,no_arxiv,0
2022,Robotica,"Hybrid methodology based on computational vision and sensor fusion for assisting autonomous UAV on offshore messenger cable transfer operation.",CEFET-RJ,Gabryel Silva Ramos; Milena F. Pinto; Fabrício O. Coelho; Leonardo de Mello Honório; Diego B. Haddad,https://doi.org/10.1017/S026357472100196X,null,J,no_arxiv,0
2022,Robotica,"Modelling, simulation and implementation of a hybrid model reference adaptive controller applied to a manipulator driven by pneumatic artificial muscles.",IFMG,Marcelo Henrique Souza Bomfim; Neemias Silva Monteiro; Eduardo Jose Lima II,https://doi.org/10.1017/S0263574721001442,null,J,no_arxiv,0
2022,Robotica,"Shared control methodology based on head positioning and vector fields for people with quadriplegia.",CEFET-RJ,Guilherme M. Maciel; Milena F. Pinto; Ivo Chaves da Silva Junior; Fabrício O. Coelho; André L. M. Marcato; Marcelo M. Cruzeiro,https://doi.org/10.1017/S0263574721000606,null,J,no_arxiv,0
2022,Robotics & Autonomous Syst.,"Loop-Aware Exploration Graph: A concise representation of environments for exploration and active loop-closure.",UFRGS,Diego Pittol; Mathias Mantelli; Renan Maffei; Mariana Kolberg; Edson Prestes,https://doi.org/10.1016/j.robot.2022.104179,null,J,no_arxiv,0
2022,Robotics & Autonomous Syst.,"The PoundCloud framework for ROS-based cloud robotics: Case studies on autonomous navigation and human-robot interaction.",UFES,Ricardo C. de Mello; Sergio D. Sierra Marín; Wandercleyson M. Scheidegger; Marcela C. Múnera; Carlos A. Cifuentes; Moisés R. N. Ribeiro; Anselmo Frizera-Neto,https://doi.org/10.1016/j.robot.2021.103981,null,J,no_arxiv,0
2021,ACM Comput. Surveys,"A Critical Survey of the Multilevel Method in Complex Networks.",UFSCar; ICMC/USP,Alan Valejo; Vinícius Ferreira 0001; Renato Fabbri; Maria Cristina Ferreira de Oliveira; Alneu de Andrade Lopes,https://doi.org/10.1145/3379347,null,J,no_arxiv,0
2021,ACM Comput. Surveys,"A Survey of Blockchain-Based Strategies for Healthcare.",ICMC/USP,Erikson Júlio De Aguiar; Bruno S. Faiçal; Bhaskar Krishnamachari; Jó Ueyama,https://doi.org/10.1145/3376915,null,J,no_arxiv,0
2021,ACM Comput. Surveys,"Autonomous Visual Navigation for Mobile Robots: A Systematic Literature Review.",UNIFESP,Yuri D. V. Yasuda; Luiz Eduardo Galvão Martins; Fabio A. M. Cappabianco,https://doi.org/10.1145/3368961,null,J,no_arxiv,0
2021,ACM Comput. Surveys,"Fast Packet Processing with eBPF and XDP: Concepts, Code, Challenges, and Applications.",UFMG,Marcos Augusto M. Vieira; Matheus S. Castanho; Racyus D. G. Pacífico; Elerson Rubens da Silva Santos; Eduardo P. M. Câmara Júnior; Luiz Filipe M. Vieira,https://doi.org/10.1145/3371038,null,J,no_arxiv,0
2021,ACM Comput. Surveys,"Vehicle Trajectory Similarity: Models, Methods, and Applications.",UFMG,Roniel S. de Sousa; Azzedine Boukerche; Antonio A. F. Loureiro,https://doi.org/10.1145/3406096,null,J,no_arxiv,0
2021,Autonomous Robots,"Estimating boundary dynamics using robotic sensor networks with pointwise measurements.",UFMG,David Saldaña; Renato M. Assunção; M. Ani Hsieh; Mario F. M. Campos; Vijay Kumar 0001,https://doi.org/10.1007/s10514-020-09954-5,null,J,no_arxiv,0
2021,Autonomous Robots,"Road surface detection and differentiation considering surface damages.",UFSC,Thiago Rateke; Aldo von Wangenheim,https://doi.org/10.1007/s10514-020-09964-3,null,J,http://arxiv.org/abs/2006.13377v1,0
2021,Communications ACM,"Transformers aftermath: current research and rising trends.",Unisinos,Eduardo Souza dos Reis; Cristiano André da Costa; Diórgenes Eugênio da Silveira; Rodrigo Bavaresco; Rodrigo da Rosa Righi; Jorge Luis Victória Barbosa; Rodolfo Stoffel Antunes; Márcio Miguel Gomes; Gustavo Federizzi,https://doi.org/10.1145/3430937,null,J,no_arxiv,0
2021,ICRA,"A Multi-UAV System for Detection and Elimination of Multiple Targets.",UFPB,Yurii Stasinchuk; Matous Vrba; Matej Petrlík; Tomás Báca; Vojtech Spurný; Daniel Hert; David Zaitlik; Tiago Pereira do Nascimento; Martin Saska,https://doi.org/10.1109/ICRA48506.2021.9562057,null,C,no_arxiv,0
2021,ICRA,"Anytime Fault-tolerant Adaptive Routing for Multi-Robot Teams.",UFMG,Ronaldo F. dos Santos; Erickson R. Nascimento; Douglas G. Macharet,https://doi.org/10.1109/ICRA48506.2021.9561944,null,C,no_arxiv,0
2021,ICRA,"Deep Reinforcement Learning for Mapless Navigation of a Hybrid Aerial Underwater Vehicle with Medium Transition.",UFMG; FURG,Ricardo B. Grando; Junior Costa de Jesus; Victor Augusto Kich; Alisson Henrique Kolling; Nicolas P. Bortoluzzi; Pedro M. Pinheiro; Armando Alves Neto; Paulo Lilles Jorge Drews Junior,https://doi.org/10.1109/ICRA48506.2021.9561188,null,C,no_arxiv,0
2021,ICRA,"Flocking-Segregative Swarming Behaviors using Gibbs Random Fields.",UFMG,Paulo A. F. Rezeck; Renato M. Assunção; Luiz Chaimowicz,https://doi.org/10.1109/ICRA48506.2021.9561412,null,C,no_arxiv,0
2021,ICRA,"Three-dimensional Terrain Aware Autonomous Exploration for Subterranean and Confined Spaces.",UFMG,Héctor Azpúrua; Mario F. M. Campos; Douglas G. Macharet,https://doi.org/10.1109/ICRA48506.2021.9561099,null,C,no_arxiv,0
2021,IEEE RA-L,"Minimal Exposure Dubins Orienteering Problem.",UFMG,Douglas G. Macharet; Armando Alves Neto; Daigo Shishika,https://doi.org/10.1109/LRA.2021.3061004,null,J,http://arxiv.org/abs/2010.11932v1,0
2021,IEEE RA-L,"Place Recognition in Forests With Urquhart Tessellations.",ICMC/USP,Guilherme V. Nardari; Avraham Cohen; Steven W. Chen; Xu Liu 0007; Vaibhav Arcot; Roseli A. F. Romero; Vijay Kumar 0001,https://doi.org/10.1109/LRA.2020.3039217,null,J,http://arxiv.org/abs/2010.03026v2,0
2021,IROS,"Cooperative Object Transportation using Gibbs Random Fields.",UFMG,Paulo A. F. Rezeck; Renato M. Assunção; Luiz Chaimowicz,https://doi.org/10.1109/IROS51168.2021.9635928,null,C,http://arxiv.org/abs/2109.13734v1,0
2021,IROS,"Multi-robot Scheduling for Environmental Monitoring as a Team Orienteering Problem.",UFMG,Ariella Mansfield; Sandeep Manjanna; Douglas G. Macharet; M. Ani Hsieh,https://doi.org/10.1109/IROS51168.2021.9636854,null,C,no_arxiv,0
2021,Intelligent Service Robotics,"An integrated solution for an autonomous drone racing in indoor environments.",UFMG,Adriano M. C. Rezende; Victor R. F. Miranda; Paulo A. F. Rezeck; Héctor Azpúrua; Elerson Rubens da Silva Santos; Vinicius Mariano Gonçalves; Douglas G. Macharet; Gustavo Medeiros Freitas,https://doi.org/10.1007/s11370-021-00385-4,top,J,no_arxiv,0
2021,J. Intelligent & Robotic Syst.,"A Methodological Approach to the Learning of Robotics with EDUROSC-Kids.",UFRN,Raquel E. Patiño-Escarcina; Dennis Barrios-Aranibar; Liz Bernedo-Flores; Pablo Javier Alsina; Luiz M. G. Gonçalves,https://doi.org/10.1007/s10846-021-01400-7,null,J,no_arxiv,0
2021,J. Intelligent & Robotic Syst.,"A Rhythmic Activation Mechanism for Soft Multi-legged Robots.",COPPE/UFRJ; CEFET-RJ,Rafaela Aparecida Garcia Sampaio; Fabrício Lopes e Silva; Cristiano de Souza de Carvalho; Gabriel Matos Araujo; Milena Faria Pinto; Diego Barreto Haddad; Felipe Maia Galvão França,https://doi.org/10.1007/s10846-021-01345-x,null,J,no_arxiv,0
2021,J. Intelligent & Robotic Syst.,"Autonomous Agricultural Sprayer using Machine Vision and Nozzle Control.",FURG,Fábio P. Terra; Gustavo H. do Nascimento; Gabrielle A. Duarte; Paulo L. J. Drews-Jr,https://doi.org/10.1007/s10846-021-01361-x,null,J,no_arxiv,0
2021,J. Intelligent & Robotic Syst.,"Controlling a Unicycle Mobile Platform Pushing 1 and 2 Passive Trailers.",IFES,Diego Nunes Bertolani; Vinícius Pacheco Bacheti; Mário Sarcinelli Filho,https://doi.org/10.1007/s10846-021-01478-z,null,J,no_arxiv,0
2021,J. Intelligent & Robotic Syst.,"Cooperative Localization and Mapping with Robotic Swarms.",UFMG,Anderson Grandi Pires; Paulo A. F. Rezeck; Rodrigo Chaves; Douglas G. Macharet; Luiz Chaimowicz,https://doi.org/10.1007/s10846-021-01397-z,null,J,no_arxiv,0
2021,J. Intelligent & Robotic Syst.,"Deep Reinforcement Learning for a Humanoid Robot Soccer Player.",FEI; IFSP,Isaac Jesus da Silva; Danilo Hernani Perico; Thiago Pedro Donadon Homem; Reinaldo Augusto da Costa Bianchi,https://doi.org/10.1007/s10846-021-01333-1,null,J,no_arxiv,0
2021,J. Intelligent & Robotic Syst.,"Detecting Soccer Balls with Reduced Neural Networks.",FEI; IFSP,Douglas De Rizzo Meneghetti; Thiago Pedro Donadon Homem; Jonas Henrique Renolfi de Oliveira; Isaac Jesus da Silva; Danilo Hernani Perico; Reinaldo Augusto da Costa Bianchi,https://doi.org/10.1007/s10846-021-01336-y,null,J,no_arxiv,0
2021,J. Intelligent & Robotic Syst.,"Embedded Fast Nonlinear Model Predictive Control for Micro Aerial Vehicles.",UFPB,Tiago Pereira do Nascimento; Martin Saska,https://doi.org/10.1007/s10846-021-01522-y,null,J,no_arxiv,0
2021,J. Intelligent & Robotic Syst.,"Guided Sonar-to-Satellite Translation.",FURG,Giovanni G. De Giacomo; Matheus Machado dos Santos; Paulo L. J. Drews-Jr; Silvia S. C. Botelho,https://doi.org/10.1007/s10846-021-01324-2,null,J,no_arxiv,0
2021,J. Intelligent & Robotic Syst.,"Health Monitoring System for Autonomous Vehicles using Dynamic Bayesian Networks for Diagnosis and Prognosis.",ICMC/USP,Iago Pachêco Gomes; Denis Fernando Wolf,https://doi.org/10.1007/s10846-020-01293-y,null,J,no_arxiv,0
2021,J. Intelligent & Robotic Syst.,"ICAR 2019 Special Issue.",ICMC/USP; FURG,Guilherme A. S. Pereira; Paulo L. J. Drews-Jr; Denis F. Wolf; Leonardo S. Mattos,https://doi.org/10.1007/s10846-021-01460-9,null,J,no_arxiv,0
2021,J. Intelligent & Robotic Syst.,"Interval Inspired Approach Based on Temporal Sequence Constraints to Place Recognition.",UFRGS,Renata Neuland; Fernanda Rodrigues; Diego Pittol; Luc Jaulin; Renan Maffei; Mariana Luderitz Kolberg; Edson Prestes,https://doi.org/10.1007/s10846-021-01375-5,null,J,no_arxiv,0
2021,J. Intelligent & Robotic Syst.,"On Robustness of Robotic and Autonomous Systems Perception.",FURG,Cristiano Rafael Steffens; Lucas Ricardo Vieira Messias; Paulo Lilles Drews Jr.; Silvia Silva da Costa Botelho,https://doi.org/10.1007/s10846-021-01334-0,null,J,no_arxiv,0
2021,J. Intelligent & Robotic Syst.,"ROSI: A Robotic System for Harsh Outdoor Industrial Inspection - System Design and Applications.",ITV; UFMG; UFSJ,Filipe A. S. Rocha; Gabriel Garcia; Raphael F. S. Pereira; Henrique D. Faria; Thales H. Silva; Ricardo Halfeld R. Andrade; Evelyn S. Barbosa; André Almeida; Emanuel Cruz; Wagner Andrade; Wenderson Gustavo Serrantola; Luiz Moura; Héctor Azpúrua; André Stanzani Franca; Gustavo Pessin; Gustavo Medeiros Freitas; Ramon R. Costa; Fernando C. Lizarralde,https://doi.org/10.1007/s10846-021-01459-2,null,J,no_arxiv,0
2021,J. Intelligent & Robotic Syst.,"Real-Time Performance Evaluation for Robotics.",UTFPR,Matheus Leitzke Pinto; Marco Aurélio Wehrmeister; André Schneider de Oliveira,https://doi.org/10.1007/s10846-020-01301-1,null,J,no_arxiv,0
2021,J. Intelligent & Robotic Syst.,"Semantic Active Visual Search System Based on Text Information for Large and Unknown Environments.",UFRGS,Mathias Mantelli; Diego Pittol; Renan Maffei; Jim Tørresen; Edson Prestes; Mariana Luderitz Kolberg,https://doi.org/10.1007/s10846-020-01298-7,null,J,no_arxiv,0
2021,J. Intelligent & Robotic Syst.,"Soft Actor-Critic for Navigation of Mobile Robots.",UFSM,Junior Costa de Jesus; Victor Augusto Kich; Alisson Henrique Kolling; Ricardo Bedin Grando; Marco Antônio De Souza Leite Cuadros; Daniel Fernando Tello Gamarra,https://doi.org/10.1007/s10846-021-01367-5,null,J,no_arxiv,0
2021,J. Intelligent & Robotic Syst.,"Spatio-temporal Data Association for Object-augmented Mapping.",UFPE,Felipe D. B. de Oliveira; Marcondes R. da Silva; Aluízio F. R. Araújo,https://doi.org/10.1007/s10846-021-01445-8,null,J,no_arxiv,0
2021,J. Intelligent & Robotic Syst.,"Three-Dimensional Mapping with Augmented Navigation Cost through Deep Learning.",UFMG; UFAM,Felipe G. Oliveira; Armando Alves Neto; David Howard 0001; Paulo V. K. Borges; Mario F. M. Campos; Douglas G. Macharet,https://doi.org/10.1007/s10846-020-01304-y,null,J,no_arxiv,0
2021,J. Intelligent & Robotic Syst.,"Towards Semi-autonomous Robotic Inspection and Mapping in Confined Spaces with the EspeleoRobô.",UFMG; ITV,Héctor Azpúrua; Adriano M. C. Rezende; Guilherme A. Potje; Gilmar Pereira da Cruz Júnior; Rafael Fernandes; Victor R. F. Miranda; Levi Welington de Resende Filho; Jacó Domingues; Filipe Rocha; Frederico Luiz Martins de Sousa; Luiz Guilherme Dias de Barros; Erickson R. Nascimento; Douglas G. Macharet; Gustavo Pessin; Gustavo Medeiros Freitas,https://doi.org/10.1007/s10846-021-01321-5,null,J,no_arxiv,0
2021,J. Intelligent & Robotic Syst.,"sBotics - Gamified Framework for Educational Robotics.",UFRN,Lucas Moura do Nascimento; Davi Souto Neri; Thiago do Nascimento Ferreira; Francinaldo de Almeida Pereira; Erika Akemi Yanaguibashi Albuquerque; Luiz Marcos Garcia Gonçalves; Sarah Thomaz de Lima Sa,https://doi.org/10.1007/s10846-021-01364-8,null,J,no_arxiv,0
2021,Robotica,"A Distributed Approach for the Implementation of Geometric Reconstruction-Based Visual SLAM Systems.",UFPB,Otacilio de Araujo Ramos Neto; Abel Cavalcante Lima-Filho; Tiago P. Nascimento,https://doi.org/10.1017/S0263574720000697,null,J,no_arxiv,0
2021,Robotica,"A Survey on Brachiation Robots: An Energy-Based Review.",FURG,Sibyla Andreuchetti; Vinicius Menezes de Oliveira; Toshio Fukuda,https://doi.org/10.1017/S026357472000137X,null,J,no_arxiv,0
2021,Robotica,"ARCog: An Aerial Robotics Cognitive Architecture.",UFJF; CEFET-RJ,Milena F. Pinto; Leonardo de Mello Honório; André L. M. Marcato; Mario A. R. Dantas; Aurelio G. Melo; Miriam A. M. Capretz; Cristina Urdiales,https://doi.org/10.1017/S0263574720000521,null,J,no_arxiv,0
2021,Robotics & Autonomous Syst.,"A systematic mapping study of robotics in human care.",Unisinos,Nícolas B. Santos; Rodrigo Simon Bavaresco; João Elison da Rosa Tavares; Gabriel de Oliveira Ramos; Jorge L. V. Barbosa,https://doi.org/10.1016/j.robot.2021.103833,null,J,no_arxiv,0
2021,Robotics & Autonomous Syst.,"An arrovian analysis on the multi-robot task allocation problem: Analyzing a behavior-based architecture.",UNIFEI,Wallace Pereira Neves dos Reis; Gustavo Leite Lopes; Guilherme Sousa Bastos,https://doi.org/10.1016/j.robot.2021.103839,null,J,no_arxiv,0
2021,Robotics & Autonomous Syst.,"Robotic Mobile Fulfillment Systems: A survey on recent developments and research opportunities.",UFPB,Ítalo Renan da Costa Barros; Tiago Pereira do Nascimento,https://doi.org/10.1016/j.robot.2021.103729,null,J,no_arxiv,0
