Alan Valejo,UFSCar
Alberto Schaeffer Filho,UFRGS
Aldo von Wangenhein,UFSC
Aldri dos Santos,UFMG
Aleteia de Araujo,UnB
Alex Vieira,UFJF
Alexandre Falcao,UNICAMP
Alexandro Baldassin,UNESP
Alneu de Andrade Lopes,ICMC/USP
Aluizio Araujo,UFPE
Ana Carolina Lorena,UNIFESP
Anderson Maciel,UFRGS
Andre Drummond,UnB
Andre Schneider de Oliveira,UTFPR
Angelo Brayner,UFC
Antonio Alfredo Ferreira Loureiro,UFMG
Armando Alves Neto,UFMG
Artur Ziviani,LNCC
Bernardo Pereira Nunes,PUC-Rio
Bianchi Meiguins,UFPA
Breno Miranda,UFPE
Carla Freitas,UFRGS
Carlos Maziero,UFPR
Cesar Comin,UFSCar
Claudio Geyer,UFRGS
Claudio Jung,UFRGS
Cristiano Costa,Unisinos
Dalvan Griebler,PUC-RS
Daniel Fernando Tello Gamarra,UFSM
Danilo Hernani Perico,FEI
Dante Augusto Couto Barone,UFRGS
David Oliveira Santos,UFCG
Debora Muchaluat Saade,UFF
Denis Fernando Wolf,ICMC/USP
Diego Amancio,ICMC/USP
Diego Nunes Bertolani,IFES
Djamel Sadok,UFPE
Douglas Guimaraes Macharet,UFMG
Edison Pignaton de Freitas,UFRGS
Edmundo Madeira,UNICAMP
Edson Emilio Scalabrin,PUCPR
Edson Matsubara,UFMS
Edson Prestes e Silva,UFRGS
Eduardo Feitosa,UFAM
Eduardo Todt,UFPR
Eduardo Viegas,PUCPR
Elias José de Rezende Freitas,IFMG
Elisa Yumi Nakagawa,ICMC/USP
Emerson Paraiso,PUCPR
Erickson Rangel do Nascimento,UFMG
Esther Luna Colombini,UNICAMP
Fabiane Barreto Vavassori Beniti,UFSC
Fabio Cappabianco,UNIFESP
Fabricio Benevenuto,UFMG
Fatima Nunes,EACH/USP
Felipe Franca,COPPE/UFRJ
Felipe Gomes de Oliveira,UFAM
Filipe Augusto Santos Rocha,UFSJ
Flavia Delicato,DCC/UFRJ
Frank Siqueira,UFSC
Gabriel de Oliveira Ramos,Unisinos
Genaina Rodrigues,UnB
Geraldo Pereira Rocha Filho,UnB
Guilherme Sousa Bastos,UNIFEI
Gustavo Batista,ICMC/USP
Gustavo Pessin,ITV
Haniel Barbosa,UFMG
Hansenclever Bassani,UFPE
Hector Azpurua,UFMG
Helio Pedrini,UNICAMP
Jean Paul Barddal,PUCPR
Jo Ueyama,ICMC/USP
Joao Fabro,UTFPR
Joao Paulo Papa,UNESP
Jomi Hubner,UFSC
Jorge Luis Victoria Barbosa,Unisinos
Jose Maria Monteiro,UFC
Judith Kelner,UFPE
Juliano Wickboldt,UFRGS
Kalinka Castelo Branco,ICMC/USP
Kelen Vivaldini,UFSCar
Kleinner Farias,Unisinos
Leandro Dias da Silva,UFAL
Leonardo da Rocha,UFSJ
Leonardo de Lellis Rossi,UNICAMP
Lina Garces,UNIFEI
Luciana Porcher Nedel,UFRGS
Lucineia Heloisa Thom,UFRGS
Luiz Chaimowicz,UFMG
Luiz Fernando Bittencourt,UNICAMP
Luiz Filipe Vieira,UFMG
Luiz Gustavo Leao Fernandes,PUC-RS
Luiz Marcos Goncalves,UFRN
Marcelo Fantinato,EACH/USP
Marcelo Henrique Souza Bomfim,IFMG
Marcio Delamaro,ICMC/USP
Marco Antonio Costa Simões,UNEB
Marco Antonio Moreira de Carvalho,UFOP
Marco Antonio Simoes Teixeira,PUCPR
Marco Aurelio Wehrmeister,UTFPR
Marcos Andre Goncalves,UFMG
Marcos Vieira,UFMG
Maria Cristina Ferreira Oliveira,ICMC/USP
Maria Lucia Bento Villela,UFV
Mariana Kolberg,UFRGS
Mario Antonio Ribeiro Dantas,UFJF
Mario Fernando Montenegro Campos,UFMG
Maristela Holanda,UnB
Milena Faria Pinto,CEFET-RJ
Moises Ribeiro,UFES
Paulo Lilles Jorge Drews Junior,FURG
Rafael Kunst,Unisinos
Reinaldo Bianchi,FEI
Renan Maffei,UFRGS
Renato Assuncao,UFMG
Ricardo Prudencio,UFPE
Rita Suzana Pitangueira Maciel,UFBA
Roberto Cesar Junior,IME/USP
Roberto Inoue,UFSCar
Rodolfo Stoffel Antunes,Unisinos
Rodrigo Barros,PUC-RS
Rodrigo Mello,ICMC/USP
Rodrigo Pereira dos Santos,UNIRIO
Rodrigo Righi,Unisinos
Rodrigo de Souza Couto,COPPE/UFRJ
Rogério Sales Gonçalves,UFU
Roseli Francelin Romero,ICMC/USP
Sarah Pontes Madruga,UFPB
Silvia Costa Botelho,FURG
Silvio Guimaraes,PUC Minas
Solange Rezende,ICMC/USP
Teresa Ludermir,UFPE
Thales Vieira,UFAL
Thiago Pedro Donadon Homem,IFSP
Thiago da Silveira,UFRGS
Tiago Ferreto,PUC-RS
Tiago Pereira do Nascimento,UFPB
Vinicius Costa de Souza,Unisinos
Vinicius Menezes de Oliveira,FURG
Zanoni Dias,UNICAMP
